Workbook

Sheet README
A1: Yappaflow — Turkey Outreach Prospects
A3: Generated: | B3: 2026-05-02 (scheduled task: yappaflow-find-contacts)
A4: Source: | B4: WebSearch over agency directories (TechBehemoths, Sortlist, Clutch, DesignRush, Shopify Partners, Webflow, IKAS partner blogs)
A6: Note for Yusuf:
A7: You said you wanted to send a reference file before this ran, but the scheduled task fired
A8: without you present. This workbook is a starter list — merge or diff against your file when
A9: you share it. Emails were not in the public results; 'Contact' column points to the contact
A10: page so you can pull the address with one click.
A12: Sheets:
A13: • Prospects — full list with category, city, fit reasoning, priority
A14: • By Category — pivot-style counts
A15: • Outreach Log — empty template for tracking sends/replies
A17: Priority key:
A18: P0 = highest fit (IKAS partners, Shopify Plus partners, top Webflow agency)
A19: P1 = strong fit (design-led shops, dual-platform partners)
... A25: IKAS is Turkish-built and the platform Yappaflow's launch market most likely centers on.

Sheet Prospects
A1: # | B1: Company | C1: Category | D1: City | E1: Website | F1: Contact | G1: Why fit | H1: Priority | I1: Status | J1: Owner | K1: Last contacted | L1: Next step | M1: Notes / Source
A2: 1 | B2: YCF Digital | C2: IKAS Partner | D2: Istanbul | E2: ycfdigital.com | F2: ycfdigital.com/en/contact | G2: Official IKAS Partner; full-funnel store setup → ads. Direct overlap with SiteProject → IKAS adapter. | H2: P0 | I2: Not started | M2: ycfdigital.com
A3: 2 | B3: digimify | C3: IKAS Partner | D3: Istanbul | E3: digimify.com | F3: digimify.com/contact | G3: Verified IKAS migration/build partner, 8+ yrs e-commerce. Ideal early adopter for builder. | H3: P0 | I3: Not started | M3: digimify.com
A4: 3 | B4: Prix Studio | C4: IKAS + Shopify Partner | D4: Istanbul | E4: prix-studio.com | F4: prix-studio.com/en/contact | G4: Dual IKAS + Shopify Plus partner; publishes 'best IKAS agencies' content — strong inbound channel. | H4: P0 | I4: Not started | M4: prix-studio.com
A5: 4 | B5: Creamake | C5: IKAS Partner | D5: Istanbul | E5: creamake.com | F5: creamake.com/iletisim | G5: Custom design + UI/UX focused IKAS storefronts. Likely to value AI design generation. | H5: P0 | I5: Not started | M5: prix-studio.com/en/blog/en-iyi-ikas-ajanslari
A6: 5 | B6: Alis Dijital | C6: IKAS + Shopify Partner | D6: Istanbul | E6: alisdijital.com | F6: alisdijital.com/iletisim | G6: Mixed IKAS/Shopify portfolio — perfect cross-CMS use case for Yappaflow. | H6: P0 | I6: Not started | M6: alisdijital.com/hizmetlerimiz/ikas-lisans-tasarim-hizmeti
A7: 6 | B7: Artelio Creative | C7: IKAS Partner | D7: Istanbul | E7: arteliocreative.com | F7: arteliocreative.com/iletisim | G7: IKAS multilingual / multi-currency specialist; cross-border merchants. | H7: P1 | I7: Not started | M7: arteliocreative.com/ikas-kurulum
A8: 7 | B8: Artnova Creative | C8: IKAS Partner | D8: Istanbul | E8: artnovacreative.com | F8: artnovacreative.com/iletisim | G8: IKAS setup + localization; international payments expertise. | H8: P1 | I8: Not started | M8: artnovacreative.com/ikas-kurulum
A9: 8 | B9: Qreate Dijital | C9: IKAS Reseller | D9: Istanbul | E9: qreatedijital.com | F9: qreatedijital.com/iletisim | G9: Authorized IKAS reseller — channel partnership angle. | H9: P1 | I9: Not started | M9: qreatedijital.com/ikas-kurulumu
A10: 9 | B10: SEO Turuncu | C10: IKAS Partner | D10: Istanbul | E10: seoturuncu.com | F10: seoturuncu.com/iletisim | G10: IKAS partner agency with SEO-led positioning. | H10: P1 | I10: Not started | M10: seoturuncu.com/partner-ikas-ajansi
A11: 10 | B11: Workuid | C11: IKAS Partner | D11: Istanbul | E11: workuid.com | F11: workuid.com/iletisim | G11: IKAS site setup + technical support; long-tail maintenance fit. | H11: P2 | I11: Not started | M11: workuid.com/ikas-eticaret-sitesi-kurulumu-ve-teknik-destek
A12: 11 | B12: Mimoza Bilişim | C12: IKAS Partner | D12: Ankara | E12: mimozabilisim.com | F12: mimozabilisim.com/iletisim | G12: IKAS partner positioning around AI automation — culturally aligned with Yappaflow story. | H12: P1 | I12: Not started | M12: mimozabilisim.com/ikas-partner
A13: 12 | B13: Ajans Max | C13: IKAS Partner | D13: Istanbul | E13: ajansmax.com.tr | F13: ajansmax.com.tr/iletisim | G13: IKAS partner support + e-commerce solutions. | H13: P2 | I13: Not started | M13: ajansmax.com.tr/ikas
... A39: 38 | B39: Creatives Data | C39: E-commerce + Web | D39: Istanbul | E39: creativesdata.com | F39: creativesdata.com/contact | G39: Tech company w/ e-commerce + web design. | H39: P2 | I39: Not started | M39: Clutch Istanbul

Sheet By Category
A1: Category | B1: Count | C1: P0 | D1: P1 | E1: P2
A2: IKAS Partner | B2: =COUNTIF(Prospects!C:C,A2) -> 9 | C2: =COUNTIFS(Prospects!C:C,A2,Prospects!H:H,"P0") -> 3 | D2: =COUNTIFS(Prospects!C:C,A2,Prospects!H:H,"P1") -> 4 | E2: =COUNTIFS(Prospects!C:C,A2,Prospects!H:H,"P2") -> 2
A3: IKAS + Shopify Partner | B3: =COUNTIF(Prospects!C:C,A3) -> 2 | C3: =COUNTIFS(Prospects!C:C,A3,Prospects!H:H,"P0") -> 2 | D3: =COUNTIFS(Prospects!C:C,A3,Prospects!H:H,"P1") -> 0 | E3: =COUNTIFS(Prospects!C:C,A3,Prospects!H:H,"P2") -> 0
A4: IKAS Reseller | B4: =COUNTIF(Prospects!C:C,A4) -> 1 | C4: =COUNTIFS(Prospects!C:C,A4,Prospects!H:H,"P0") -> 0 | D4: =COUNTIFS(Prospects!C:C,A4,Prospects!H:H,"P1") -> 1 | E4: =COUNTIFS(Prospects!C:C,A4,Prospects!H:H,"P2") -> 0
A5: Shopify Plus Partner | B5: =COUNTIF(Prospects!C:C,A5) -> 3 | C5: =COUNTIFS(Prospects!C:C,A5,Prospects!H:H,"P0") -> 3 | D5: =COUNTIFS(Prospects!C:C,A5,Prospects!H:H,"P1") -> 0 | E5: =COUNTIFS(Prospects!C:C,A5,Prospects!H:H,"P2") -> 0
A6: Shopify Specialist | B6: =COUNTIF(Prospects!C:C,A6) -> 1 | C6: =COUNTIFS(Prospects!C:C,A6,Prospects!H:H,"P0") -> 0 | D6: =COUNTIFS(Prospects!C:C,A6,Prospects!H:H,"P1") -> 1 | E6: =COUNTIFS(Prospects!C:C,A6,Prospects!H:H,"P2") -> 0
A7: Shopify Partner | B7: =COUNTIF(Prospects!C:C,A7) -> 1 | C7: =COUNTIFS(Prospects!C:C,A7,Prospects!H:H,"P0") -> 0 | D7: =COUNTIFS(Prospects!C:C,A7,Prospects!H:H,"P1") -> 0 | E7: =COUNTIFS(Prospects!C:C,A7,Prospects!H:H,"P2") -> 1
A8: Shopify Premier Agency | B8: =COUNTIF(Prospects!C:C,A8) -> 1 | C8: =COUNTIFS(Prospects!C:C,A8,Prospects!H:H,"P0") -> 1 | D8: =COUNTIFS(Prospects!C:C,A8,Prospects!H:H,"P1") -> 0 | E8: =COUNTIFS(Prospects!C:C,A8,Prospects!H:H,"P2") -> 0
A9: Shopify Agency | B9: =COUNTIF(Prospects!C:C,A9) -> 1 | C9: =COUNTIFS(Prospects!C:C,A9,Prospects!H:H,"P0") -> 0 | D9: =COUNTIFS(Prospects!C:C,A9,Prospects!H:H,"P1") -> 1 | E9: =COUNTIFS(Prospects!C:C,A9,Prospects!H:H,"P2") -> 0
A10: Webflow Agency | B10: =COUNTIF(Prospects!C:C,A10) -> 1 | C10: =COUNTIFS(Prospects!C:C,A10,Prospects!H:H,"P0") -> 1 | D10: =COUNTIFS(Prospects!C:C,A10,Prospects!H:H,"P1") -> 0 | E10: =COUNTIFS(Prospects!C:C,A10,Prospects!H:H,"P2") -> 0
A11: Freelance Webflow | B11: =COUNTIF(Prospects!C:C,A11) -> 1 | C11: =COUNTIFS(Prospects!C:C,A11,Prospects!H:H,"P0") -> 0 | D11: =COUNTIFS(Prospects!C:C,A11,Prospects!H:H,"P1") -> 0 | E11: =COUNTIFS(Prospects!C:C,A11,Prospects!H:H,"P2") -> 1
A12: Freelance Webflow Designer | B12: =COUNTIF(Prospects!C:C,A12) -> 1 | C12: =COUNTIFS(Prospects!C:C,A12,Prospects!H:H,"P0") -> 0 | D12: =COUNTIFS(Prospects!C:C,A12,Prospects!H:H,"P1") -> 0 | E12: =COUNTIFS(Prospects!C:C,A12,Prospects!H:H,"P2") -> 1
A13: Digital Marketing Agency | B13: =COUNTIF(Prospects!C:C,A13) -> 1 | C13: =COUNTIFS(Prospects!C:C,A13,Prospects!H:H,"P0") -> 0 | D13: =COUNTIFS(Prospects!C:C,A13,Prospects!H:H,"P1") -> 1 | E13: =COUNTIFS(Prospects!C:C,A13,Prospects!H:H,"P2") -> 0
... A26: E-commerce + Web | B26: =COUNTIF(Prospects!C:C,A26) -> 1 | C26: =COUNTIFS(Prospects!C:C,A26,Prospects!H:H,"P0") -> 0 | D26: =COUNTIFS(Prospects!C:C,A26,Prospects!H:H,"P1") -> 0 | E26: =COUNTIFS(Prospects!C:C,A26,Prospects!H:H,"P2") -> 1
A27: TOTAL | B27: =SUM(B2:B26) -> 38 | C27: =SUM(C2:C26) -> 10 | D27: =SUM(D2:D26) -> 11 | E27: =SUM(E2:E26) -> 17

Sheet Outreach Log
A1: Date | B1: Company | C1: Channel | D1: Contact person | E1: Subject | F1: Outcome | G1: Follow-up date | H1: Notes
